﻿<?xml version="1.0" encoding="UTF-8"?>
<ParamTable>
  <Version version="V1.0.0" />
  <ParameterList>
    <Parameter ID="1" opcName="&quot;ANA_PV&quot;.COUNT_A_PV">电量实际值</Parameter>
    <Parameter ID="2" opcName="&quot;ANA_PV&quot;.COUNT_Q_PV">气量实际值</Parameter>
    <Parameter ID="3" opcName="&quot;ANA_PV&quot;.COUNT_W_PV">水量实际值</Parameter>
    <Parameter ID="4" opcName="&quot;ANA_PV&quot;.YTZ_W_TI_PV">预脱脂水温实际值</Parameter>
    <Parameter ID="5" opcName="&quot;ANA_PV&quot;.RSX_W_TI_PV">热水洗水温实际值</Parameter>
    <Parameter ID="6" opcName="&quot;PLC_HMI&quot;.DC1_INZ_ALARM">DC1道岔直行反馈异常</Parameter>
  </ParameterList>
</ParamTable>