<?xml version="1.0" encoding="utf-8" ?>
<ProductionConfig name="1号生产线" firmware="V1.0.0">
    <BackgroundImage name="fac.PNG"/>
    <AssemblyLine>
      <Step name="前处理开始" seq="1">
         <monitor control="button">
           <lx>150</lx>
           <ly>60</ly>
           <var name="水分烘干风道温度实际值"/>
           <var name="水分烘干燃烧室温度实际值"/>
           <var name="红外加热气量统计实际值"/>
         </monitor>
      </Step>
      <Step name="预脱脂" seq="2">
        <monitor control="button">
          <lx>280</lx>
          <ly>60</ly>
           <var name="预脱脂水温实际值"/>
           <var name="预脱脂PH计实际值"/>
           <var name="预脱脂变频器频率反馈实际值"/>
        </monitor>
      </Step>
      <Step name="主脱脂" seq="3">
        <monitor control="button">
          <lx>400</lx>
          <ly>60</ly>
        </monitor>
      </Step>
      <Step name="水洗" seq="4">
        <monitor control="button">
          <lx>510</lx>
          <ly>2</ly>
        </monitor>
      </Step>
      <Step name="水洗" seq="5">
        <monitor control="button">
          <lx>620</lx>
          <ly>60</ly>
        </monitor>
      </Step>
      <Step name="硅烷段" seq="6">
        <monitor control="button">
          <lx>730</lx>
          <ly>2</ly>
        </monitor>
      </Step>
      <Step name="喷淋段" seq="7">
        <monitor control="button">
          <lx>840</lx>
          <ly>60</ly>
        </monitor>
      </Step>
      
    </AssemblyLine>
  <VariableTable>
    <Variable Name="预脱脂水温实际值" ID="1">
      <Address>
        1
      </Address>
      <opcName>"ANA_PV".YTZ_W_TI_PV</opcName>
      <Units>
        s
      </Units>
      <Type>Int16</Type>
    </Variable>
    <Variable Name="水分烘干风道温度实际值" ID="2">
      <Address>
        2
      </Address>
      <opcName>"ANA_PV".HG_F_TI_PV</opcName>
      <Units>
          ㎡
      </Units>
      <Type>Int16</Type>
    </Variable>
    <Variable Name="水分烘干燃烧室温度实际值" ID="3">
      <Address>
        3
      </Address>
      <opcName>"ANA_PV".HG_RS_TI_PV</opcName>
      <Units>
          km/s
      </Units>
      <Type>Int16</Type>
    </Variable>
    <Variable Name="红外加热气量统计实际值" ID="4">
      <Address>
        4
      </Address>
      <opcName>"ANA_PV".COUNT_HWQ_PV</opcName>
      <Units>
          km/s
      </Units>
      <Type>Int16</Type>
    </Variable>
    <Variable Name="预脱脂变频器频率反馈实际值" ID="5">
      <Address>
        5
      </Address>
      <opcName>"ANA_PV".YTZ_INV_HZ_PV</opcName>
      <Units>
          km/s
      </Units>
      <Type>Int16</Type>
    </Variable>
    <Variable Name="预脱脂PH计实际值" ID="6">
      <Address>
        6
      </Address>
      <opcName>"ANA_PV".YTZ_PH_PV</opcName>
      <Units>
          km/s
      </Units>
       <Type>Int16</Type>
    </Variable>
    <Variable Name="运行指示灯" ID="7">
      <Address>
        7
      </Address>
      <opcName>"ANA_PV".DI_HMI.DO_D0</opcName>
      <Units>
          
      </Units>
      <Type>
         Word
      </Type>
    </Variable>
  </VariableTable>
  <ParameterTable>
    <Parameter Name="电量实际值" ID="1">
      <Address>
        1
      </Address>
      <opcName>
        "ANA_PV".COUNT_A_PV
      </opcName>
      <Units>
        s
      </Units>
    </Parameter>
    <Parameter Name="气量实际值" ID="2">
      <Address>
        2
      </Address>
      <opcName>
        "ANA_PV".COUNT_Q_PV
      </opcName>
      <Units>
        s
      </Units>
    </Parameter>
    <Parameter Name="水量实际值" ID="3">
      <Address>
        3
      </Address>
      <opcName>
        "ANA_PV".COUNT_W_PV
      </opcName>
      <Units>
        s
      </Units>
    </Parameter>
      <Parameter Name="预脱脂水温实际值" ID="4">
      <Address>
        3
      </Address>
      <opcName>
        "ANA_PV".YTZ_W_TI_PV
      </opcName>
      <Units>
        s
      </Units>
    </Parameter>
      <Parameter Name="热水洗水温实际值" ID="5">
      <Address>
        3
      </Address>
      <opcName>
        "ANA_PV".RSX_W_TI_PV
      </opcName>
      <Units>
        s
      </Units>
    </Parameter>
    <Parameter Name="DC1道岔直行反馈异常" ID="6">
    <Address>
      3
    </Address>
    <opcName>
      "PLC_HMI".DC1_INZ_ALARM
    </opcName>
    <Units>
      s
    </Units>
  </Parameter>
  </ParameterTable>
</ProductionConfig>